company_id,company_name,pros,cons,last_updated
ADANIENSOL,Adani Energy Solutions Ltd,Strong sales growth: 19.0% over 3 Years. ||| Strong sales growth: 18.0% over 5 Years. ||| Profit growth is robust: 16.0% over 5 Years.,Profit growth is low: -2.0% over 3 Years. ||| ROE is low: 8.6%. ||| Low return on capital employed: 9.0%.,2025-08-15T12:09:30.439310
ADANIENT,Adani Enterprises Ltd,Profit growth is robust: 47.0% over 3 Years. ||| Profit growth is robust: 46.0% over 5 Years. ||| Strong sales growth: 35.0% over 3 Years.,Profit growth is low: 2.0% over 10 Years. ||| Low return on equity: 6.0% (5 Years). ||| Weak sales growth: only 6.0% over 10 Years.,2025-08-15T12:09:30.439852
ADANIGREEN,Adani Green Energy Ltd,Strong return on capital employed: 96.5%. ||| Profit growth is robust: 91.0% over 3 Years. ||| Strong sales growth: 43.0% over 3 Years.,Low return on equity: 9.0% (5 Years).,2025-08-15T12:09:30.441131
ADANIPORTS,"Adani Ports & Special Economic Zone Ltd
",Strong sales growth: 29.0% over 3 Years. ||| Strong sales growth: 20.0% over 5 Years. ||| Strong sales growth: 19.0% over 10 Years.,,2025-08-15T12:09:30.441131
ADANIPOWER,Adani Power Ltd,Profit growth is robust: 154.0% over 3 Years. ||| Profit growth is robust: 87.0% over 5 Years. ||| Healthy average ROE: 57.1%.,,2025-08-15T12:09:30.442128
AMBUJACEM,Ambuja Cements Ltd,Profit growth is robust: 15.0% over 3 Years. ||| Strong sales growth: 14.0% over 10 Years. ||| Profit growth is robust: 14.0% over 10 Years.,Weak sales growth: only 5.0% over 5 Years. ||| ROE is low: 9.2%. ||| Profit growth is low: 10.0% over 5 Years.,2025-08-15T12:09:30.443124
APOLLOHOSP,"Apollo Hospitals
Chain of Indian private hospitals",Profit growth is robust: 90.0% over 3 Years. ||| Profit growth is robust: 36.0% over 5 Years. ||| Strong sales growth: 22.0% over 3 Years.,Low return on equity: 10.0% (10 Years).,2025-08-15T12:09:30.443750
ASIANPAINT,"Asian Paints
Indian Multi-National Paint and Coating Manufacturing Company",Strong return on capital employed: 41.8%. ||| Healthy average ROE: 31.4%. ||| High return on equity: 26.0% (3 Years).,,2025-08-15T12:09:30.443750
ATGL,Adani Total Gas Ltd,Strong sales growth: 38.0% over 3 Years. ||| Profit growth is robust: 24.0% over 5 Years. ||| Strong return on capital employed: 21.2%.,,2025-08-15T12:09:30.443750
AXISBANK,Axis Bank Ltd,Profit growth is robust: 56.0% over 3 Years. ||| Profit growth is robust: 40.0% over 5 Years. ||| Strong sales growth: 20.0% over 3 Years.,Low return on capital employed: 7.1%.,2025-08-15T12:09:30.445332
BAJAJ-AUTO,Bajaj Auto Ltd,Strong return on capital employed: 33.5%. ||| Healthy average ROE: 26.5%. ||| High return on equity: 23.0% (10 Years).,Weak sales growth: only 8.0% over 5 Years. ||| Weak sales growth: only 8.0% over 10 Years. ||| Profit growth is low: 9.0% over 5 Years.,2025-08-15T12:09:30.445332
BAJAJFINSV,Bajaj Finserv Ltd,Strong sales growth: 34.0% over 10 Years. ||| Profit growth is robust: 28.0% over 3 Years. ||| High return on equity: 24.0% (3 Years).,,2025-08-15T12:09:30.445332
BAJAJHLDNG,Bajaj Holdings & Investment Ltd,Strong sales growth: 55.0% over 3 Years. ||| Strong sales growth: 32.0% over 5 Years. ||| Profit growth is robust: 26.0% over 3 Years.,,2025-08-15T12:09:30.445332
BAJFINANCE,Bajaj Finance Ltd,Profit growth is robust: 48.0% over 3 Years. ||| Profit growth is robust: 29.0% over 5 Years. ||| Strong sales growth: 27.0% over 3 Years.,,2025-08-15T12:09:30.445332
BANKBARODA,Bank of Baroda,Profit growth is robust: 127.0% over 3 Years. ||| Profit growth is robust: 75.0% over 5 Years. ||| Strong sales growth: 17.0% over 3 Years.,Low return on capital employed: 6.3%. ||| Low return on equity: 8.0% (10 Years). ||| Low return on equity: 10.0% (5 Years).,2025-08-15T12:09:30.445332
BEL,Bharat Electronics Ltd,High return on equity: 4670.0% (10 Years). ||| High return on equity: 3997.0% (3 Years). ||| High return on equity: 3883.0% (5 Years).,,2025-08-15T12:09:30.445332
BHARTIARTL,Bharti Airtel Ltd,Profit growth is robust: 39.0% over 3 Years. ||| Profit growth is robust: 38.0% over 5 Years. ||| Healthy average ROE: 14.9%.,Low return on equity: -3.0% (5 Years). ||| Low return on equity: 1.0% (10 Years). ||| Low return on equity: 6.0% (3 Years).,2025-08-15T12:09:30.445332
BHEL,"Bharat Heavy Electricals Limited
",Profit growth is robust: 28.0% over 3 Years. ||| Strong sales growth: 11.0% over 3 Years.,Profit growth is low: -22.0% over 5 Years. ||| Profit growth is low: -22.0% over 10 Years. ||| Weak sales growth: only -5.0% over 5 Years.,2025-08-15T12:09:30.449806
BOSCHLTD,Bosch Ltd,Profit growth is robust: 73.0% over 3 Years. ||| Strong return on capital employed: 20.6%. ||| Strong sales growth: 20.0% over 3 Years.,Weak sales growth: only 7.0% over 5 Years. ||| Weak sales growth: only 7.0% over 10 Years. ||| Profit growth is low: 9.0% over 5 Years.,2025-08-15T12:09:30.449806
BPCL,Bharat Petroleum Corporation Ltd,Healthy average ROE: 41.9%. ||| Strong return on capital employed: 32.1%. ||| Profit growth is robust: 26.0% over 5 Years.,Weak sales growth: only 5.0% over 10 Years. ||| Weak sales growth: only 8.0% over 5 Years.,2025-08-15T12:09:30.449806
BRITANNIA,Britannia Industries Ltd,High return on equity: 58.0% (3 Years). ||| Healthy average ROE: 57.1%. ||| Strong return on capital employed: 48.9%.,Profit growth is low: 5.0% over 3 Years. ||| Weak sales growth: only 8.0% over 3 Years. ||| Weak sales growth: only 9.0% over 5 Years.,2025-08-15T12:09:30.449806
CANBK,Canara Bank,Profit growth is robust: 86.0% over 5 Years. ||| Profit growth is robust: 73.0% over 3 Years. ||| Profit growth is robust: 19.0% over 10 Years.,Low return on capital employed: 6.6%. ||| Low return on equity: 7.0% (10 Years).,2025-08-15T12:09:30.449806
CHOLAFIN,Cholamandalam Investment & Finance Company Ltd,Profit growth is robust: 31.0% over 3 Years. ||| Strong sales growth: 26.0% over 3 Years. ||| Profit growth is robust: 25.0% over 10 Years.,,2025-08-15T12:09:30.449806
CIPLA,"Cipla Ltd
",Profit growth is robust: 23.0% over 5 Years. ||| Strong return on capital employed: 22.8%. ||| Profit growth is robust: 20.0% over 3 Years.,Weak sales growth: only 10.0% over 3 Years. ||| Weak sales growth: only 10.0% over 5 Years. ||| Weak sales growth: only 10.0% over 10 Years.,2025-08-15T12:09:30.449806
COALINDIA,Coal India Ltd,Strong return on capital employed: 63.6%. ||| Healthy average ROE: 52.0%. ||| High return on equity: 47.0% (5 Years).,Weak sales growth: only 7.0% over 5 Years. ||| Weak sales growth: only 7.0% over 10 Years. ||| Profit growth is low: 9.0% over 10 Years.,2025-08-15T12:09:30.449806
DABUR,Dabur India Ltd,High return on equity: 23.0% (10 Years). ||| Strong return on capital employed: 22.3%. ||| High return on equity: 21.0% (5 Years).,Profit growth is low: 2.0% over 3 Years. ||| Profit growth is low: 5.0% over 5 Years. ||| Weak sales growth: only 6.0% over 10 Years.,2025-08-15T12:09:30.449806
DLF,DLF Ltd,Profit growth is robust: 36.0% over 3 Years. ||| Profit growth is robust: 17.0% over 10 Years. ||| Profit growth is robust: 16.0% over 5 Years.,Weak sales growth: only -5.0% over 5 Years. ||| Weak sales growth: only -3.0% over 10 Years. ||| Low return on equity: 4.0% (5 Years).,2025-08-15T12:09:30.449806
DMART,Avenue Supermarts Ltd,Profit growth is robust: 32.0% over 3 Years. ||| Profit growth is robust: 32.0% over 10 Years. ||| Strong sales growth: 28.0% over 3 Years.,,2025-08-15T12:09:30.449806
DRREDDY,Dr Reddys Laboratories Ltd,Profit growth is robust: 42.0% over 3 Years. ||| Strong return on capital employed: 26.5%. ||| Profit growth is robust: 23.0% over 5 Years.,Weak sales growth: only 8.0% over 10 Years.,2025-08-15T12:09:30.455635
EICHERMOT,Eicher Motors Ltd,Profit growth is robust: 44.0% over 3 Years. ||| Strong return on capital employed: 31.1%. ||| Healthy average ROE: 24.2%.,Weak sales growth: only 9.0% over 10 Years.,2025-08-15T12:09:30.456644
GAIL,GAIL (India) Ltd,Strong sales growth: 32.0% over 3 Years. ||| Profit growth is robust: 17.0% over 3 Years. ||| Strong return on capital employed: 14.7%.,Weak sales growth: only 8.0% over 10 Years. ||| Profit growth is low: 8.0% over 10 Years. ||| Profit growth is low: 9.0% over 5 Years.,2025-08-15T12:09:30.458736
GODREJCP,Godrej Consumer Products Ltd,Strong return on capital employed: 26.5%. ||| High return on equity: 16.0% (10 Years). ||| High return on equity: 14.0% (5 Years).,Profit growth is low: -10.0% over 3 Years. ||| Profit growth is low: -5.0% over 10 Years. ||| Profit growth is low: -4.0% over 5 Years.,2025-08-15T12:09:30.458736
GRASIM,Grasim Industries Ltd,Profit growth is robust: 29.0% over 5 Years. ||| Strong sales growth: 20.0% over 3 Years. ||| Strong sales growth: 17.0% over 10 Years.,ROE is low: 6.9%. ||| Low return on capital employed: 9.3%.,2025-08-15T12:09:30.461396
HAL,Hindustan Aeronautics Ltd,High return on equity: 3229.0% (3 Years). ||| High return on equity: 2852.0% (5 Years). ||| Strong return on capital employed: 38.9%.,Weak sales growth: only 7.0% over 10 Years. ||| Weak sales growth: only 9.0% over 5 Years. ||| Weak sales growth: only 10.0% over 3 Years.,2025-08-15T12:09:30.461396
HAVELLS,Havells India Ltd,Strong return on capital employed: 24.4%. ||| Strong sales growth: 21.0% over 3 Years. ||| High return on equity: 20.0% (10 Years).,Profit growth is low: 7.0% over 3 Years. ||| Weak sales growth: only 9.0% over 10 Years. ||| Profit growth is low: 10.0% over 5 Years.,2025-08-15T12:09:30.463404
HCLTECH,HCL Technologies Ltd,Strong return on capital employed: 29.6%. ||| Healthy average ROE: 23.3%. ||| High return on equity: 23.0% (10 Years).,Profit growth is low: 9.0% over 5 Years. ||| Profit growth is low: 9.0% over 10 Years.,2025-08-15T12:09:30.463404
HDFCBANK,HDFC Bank Ltd,Strong sales growth: 30.0% over 3 Years. ||| Profit growth is robust: 27.0% over 3 Years. ||| Profit growth is robust: 24.0% over 5 Years.,Low return on capital employed: 7.7%.,2025-08-15T12:09:30.465411
HDFCLIFE,HDFC Life Insurance Company Ltd,Strong sales growth: 21.0% over 5 Years. ||| Strong sales growth: 19.0% over 10 Years. ||| High return on equity: 16.0% (10 Years).,Profit growth is low: 4.0% over 5 Years. ||| Profit growth is low: 5.0% over 3 Years. ||| Low return on capital employed: 6.6%.,2025-08-15T12:09:30.465411
HEROMOTOCO,"Hero MotoCorp Ltd
",Strong return on capital employed: 29.1%. ||| High return on equity: 25.0% (10 Years). ||| Healthy average ROE: 22.0%.,Weak sales growth: only 2.0% over 5 Years. ||| Profit growth is low: 2.0% over 5 Years. ||| Weak sales growth: only 4.0% over 10 Years.,2025-08-15T12:09:30.467419
HINDALCO,Hindalco Industries Ltd,Profit growth is robust: 43.0% over 3 Years. ||| Strong sales growth: 18.0% over 3 Years. ||| Profit growth is robust: 17.0% over 10 Years.,Low return on equity: 8.0% (10 Years). ||| Weak sales growth: only 9.0% over 10 Years. ||| Low return on equity: 10.0% (5 Years).,2025-08-15T12:09:30.467419
HINDUNILVR,"Hindustan Unilever Ltd
",High return on equity: 30.0% (10 Years). ||| Strong return on capital employed: 27.2%. ||| High return on equity: 23.0% (5 Years).,Weak sales growth: only 8.0% over 10 Years. ||| Profit growth is low: 9.0% over 3 Years. ||| Weak sales growth: only 10.0% over 3 Years.,2025-08-15T12:09:30.469426
ICICIBANK,ICICI Bank Ltd,Profit growth is robust: 52.0% over 5 Years. ||| Profit growth is robust: 31.0% over 3 Years. ||| Strong sales growth: 21.0% over 3 Years.,Low return on capital employed: 7.6%.,2025-08-15T12:09:30.469426
ICICIGI,ICICI Lombard General Insurance Company Ltd,Strong return on capital employed: 22.5%. ||| Strong sales growth: 19.0% over 3 Years. ||| High return on equity: 17.0% (5 Years).,Profit growth is low: 9.0% over 3 Years.,2025-08-15T12:09:30.471433
ICICIPRULI,ICICI Prudential Life Insurance Company Ltd,Strong sales growth: 17.0% over 5 Years. ||| High return on equity: 17.0% (10 Years). ||| Strong sales growth: 15.0% over 10 Years.,Profit growth is low: -6.0% over 5 Years. ||| Profit growth is low: -6.0% over 10 Years. ||| Profit growth is low: -4.0% over 3 Years.,2025-08-15T12:09:30.472366
INDIGO,Interglobe Aviation Ltd,High return on equity: 250.0% (10 Years). ||| Profit growth is robust: 121.0% over 5 Years. ||| Strong sales growth: 68.0% over 3 Years.,,2025-08-15T12:09:30.473372
INDUSINDBK,IndusInd Bank Ltd,Profit growth is robust: 47.0% over 3 Years. ||| Profit growth is robust: 22.0% over 5 Years. ||| Profit growth is robust: 20.0% over 10 Years.,Low return on capital employed: 7.9%.,2025-08-15T12:09:30.475378
INFY,Infosys Ltd,Strong return on capital employed: 40.0%. ||| Healthy average ROE: 31.8%. ||| High return on equity: 29.0% (3 Years).,Profit growth is low: 9.0% over 10 Years.,2025-08-15T12:09:30.476379
IOC,"Indian Oil Corporation
",Strong sales growth: 29.0% over 3 Years. ||| Profit growth is robust: 26.0% over 3 Years. ||| Healthy average ROE: 25.4%.,Weak sales growth: only 5.0% over 10 Years. ||| Weak sales growth: only 8.0% over 5 Years.,2025-08-15T12:09:30.477373
IRCTC,Indian Railway Catering & Tourism Corporation Ltd,Profit growth is robust: 81.0% over 3 Years. ||| Strong sales growth: 76.0% over 3 Years. ||| Strong return on capital employed: 53.8%.,,2025-08-15T12:09:30.478372
IRFC,Indian Railway Finance Corporation Ltd,Profit growth is robust: 25.0% over 10 Years. ||| Profit growth is robust: 23.0% over 5 Years. ||| Strong sales growth: 19.0% over 3 Years.,Low return on capital employed: 5.7%.,2025-08-15T12:09:30.479372
ITC,"ITC Ltd
",Strong return on capital employed: 34.8%. ||| Healthy average ROE: 29.5%. ||| High return on equity: 26.0% (3 Years).,Weak sales growth: only 7.0% over 10 Years. ||| Weak sales growth: only 8.0% over 5 Years. ||| Profit growth is low: 9.0% over 10 Years.,2025-08-15T12:09:30.480372
JINDALSTEL,Jindal Steel & Power Ltd,Profit growth is robust: 35.0% over 5 Years. ||| Healthy average ROE: 14.1%. ||| High return on equity: 14.0% (3 Years).,Weak sales growth: only 1.0% over 5 Years. ||| Low return on equity: 3.0% (10 Years). ||| Low return on equity: 8.0% (5 Years).,2025-08-15T12:09:30.481374
JIOFIN,Jio Financial Services Ltd,,ROE is low: 1.8%. ||| Low return on capital employed: 2.2%.,2025-08-15T12:09:30.482373
JSWENERGY,JSW Energy Ltd,Profit growth is robust: 28.0% over 3 Years. ||| Profit growth is robust: 20.0% over 5 Years. ||| Strong sales growth: 18.0% over 3 Years.,Weak sales growth: only 3.0% over 10 Years. ||| Weak sales growth: only 5.0% over 5 Years. ||| Low return on equity: 8.0% (3 Years).,2025-08-15T12:09:30.483371
JSWSTEEL,JSW Steel Ltd,Profit growth is robust: 36.0% over 10 Years. ||| Strong sales growth: 30.0% over 3 Years. ||| High return on equity: 16.0% (3 Years).,Profit growth is low: 4.0% over 3 Years. ||| Profit growth is low: 4.0% over 5 Years.,2025-08-15T12:09:30.484373
KOTAKBANK,"Kotak Mahindra Bank Ltd
",Profit growth is robust: 22.0% over 3 Years. ||| Profit growth is robust: 22.0% over 10 Years. ||| Strong sales growth: 20.0% over 3 Years.,Low return on capital employed: 7.9%.,2025-08-15T12:09:30.485373
LICI,Life Insurance Corporation of India,Profit growth is robust: 140.0% over 3 Years. ||| Profit growth is robust: 73.0% over 5 Years. ||| Strong return on capital employed: 63.8%.,Weak sales growth: only 7.0% over 3 Years. ||| Weak sales growth: only 8.0% over 5 Years.,2025-08-15T12:09:30.486376
LODHA,Macrotech Developers Ltd,Profit growth is robust: 219.0% over 3 Years. ||| Strong sales growth: 24.0% over 3 Years. ||| Profit growth is robust: 15.0% over 10 Years.,Weak sales growth: only -3.0% over 5 Years. ||| Profit growth is low: -1.0% over 5 Years. ||| Low return on equity: 7.0% (3 Years).,2025-08-15T12:09:30.487374
LT,Larsen & Toubro Ltd,High return on equity: 125.0% (10 Years). ||| High return on equity: 106.0% (5 Years). ||| High return on equity: 88.0% (3 Years).,Profit growth is low: 6.0% over 3 Years. ||| Profit growth is low: 9.0% over 5 Years. ||| Weak sales growth: only 10.0% over 5 Years.,2025-08-15T12:09:30.489373
LTIM,LTIMindtree Ltd,Strong sales growth: 42.0% over 3 Years. ||| Strong return on capital employed: 34.1%. ||| Profit growth is robust: 33.0% over 3 Years.,,2025-08-15T12:09:30.490374
M&M,"Mahindra & Mahindra Ltd
",Profit growth is robust: 101.0% over 3 Years. ||| Strong return on capital employed: 27.0%. ||| Strong sales growth: 23.0% over 3 Years.,Weak sales growth: only 6.0% over 5 Years. ||| Weak sales growth: only 7.0% over 10 Years. ||| Profit growth is low: 9.0% over 10 Years.,2025-08-15T12:09:30.491373
MARUTI,Maruti Suzuki India Ltd,Profit growth is robust: 45.0% over 3 Years. ||| Strong sales growth: 26.0% over 3 Years. ||| Strong return on capital employed: 23.7%.,,2025-08-15T12:09:30.492374
MOTHERSON,Samvardhana Motherson International Ltd,Profit growth is robust: 24.0% over 3 Years. ||| Strong sales growth: 20.0% over 3 Years. ||| High return on equity: 15.0% (10 Years).,Profit growth is low: 8.0% over 5 Years. ||| Low return on equity: 9.0% (3 Years). ||| Weak sales growth: only 9.0% over 5 Years.,2025-08-15T12:09:30.493372
NAUKRI,Info Edge (India) Ltd,Strong sales growth: 31.0% over 3 Years. ||| Profit growth is robust: 26.0% over 10 Years. ||| High return on equity: 22.0% (3 Years).,Profit growth is low: -25.0% over 3 Years. ||| Profit growth is low: 0.0% over 5 Years. ||| ROE is low: 2.4%.,2025-08-15T12:09:30.494375
NESTLEIND,Nestle India Ltd,Strong return on capital employed: 185.4%. ||| Healthy average ROE: 135.6%. ||| High return on equity: 112.0% (3 Years).,Weak sales growth: only 9.0% over 10 Years.,2025-08-15T12:09:30.494375
NHPC,"NHPC Ltd
",High return on equity: 11.0% (3 Years). ||| High return on equity: 11.0% (5 Years).,Weak sales growth: only 0.0% over 3 Years. ||| Weak sales growth: only 1.0% over 5 Years. ||| Weak sales growth: only 3.0% over 10 Years.,2025-08-15T12:09:30.495375
NTPC,NTPC Ltd,Strong sales growth: 17.0% over 3 Years. ||| Profit growth is robust: 13.0% over 3 Years. ||| Healthy average ROE: 12.5%.,Profit growth is low: 6.0% over 10 Years. ||| Profit growth is low: 9.0% over 5 Years. ||| Weak sales growth: only 9.0% over 10 Years.,2025-08-15T12:09:30.495375
ONGC,Oil & Natural Gas Corpn Ltd,Profit growth is robust: 39.0% over 3 Years. ||| Strong sales growth: 25.0% over 3 Years. ||| Strong return on capital employed: 19.7%.,Weak sales growth: only 7.0% over 5 Years. ||| Profit growth is low: 8.0% over 10 Years.,2025-08-15T12:09:30.496374
PFC,Power Finance Corporation Ltd,High return on equity: 26.0% (3 Years). ||| High return on equity: 25.0% (5 Years). ||| High return on equity: 23.0% (10 Years).,Weak sales growth: only 8.0% over 3 Years. ||| Low return on capital employed: 10.0%.,2025-08-15T12:09:30.496374
PIDILITIND,Pidilite Industries Ltd,Strong return on capital employed: 29.7%. ||| Healthy average ROE: 22.8%. ||| High return on equity: 22.0% (10 Years).,,2025-08-15T12:09:30.496374
PNB,Punjab National Bank,High return on equity: 51.0% (3 Years). ||| Profit growth is robust: 50.0% over 3 Years. ||| Profit growth is robust: 24.0% over 5 Years.,Low return on capital employed: 1.6%. ||| Low return on equity: 5.0% (10 Years). ||| ROE is low: 8.7%.,2025-08-15T12:09:30.497374
POWERGRID,Power Grid Corporation of India Ltd,High return on equity: 19.0% (3 Years). ||| Healthy average ROE: 19.0%. ||| High return on equity: 18.0% (5 Years).,Weak sales growth: only 5.0% over 3 Years. ||| Weak sales growth: only 6.0% over 5 Years. ||| Profit growth is low: 9.0% over 3 Years.,2025-08-15T12:09:30.497374
RECLTD,REC Ltd,Healthy average ROE: 22.2%. ||| High return on equity: 20.0% (3 Years). ||| Profit growth is robust: 20.0% over 5 Years.,Weak sales growth: only 10.0% over 3 Years. ||| Low return on capital employed: 10.0%.,2025-08-15T12:09:30.498375
RELIANCE,"Reliance Industries Ltd
",Strong sales growth: 24.0% over 3 Years. ||| Profit growth is robust: 15.0% over 5 Years. ||| Profit growth is robust: 14.0% over 3 Years.,Weak sales growth: only 8.0% over 10 Years. ||| Low return on equity: 9.0% (3 Years). ||| Low return on equity: 9.0% (5 Years).,2025-08-15T12:09:30.498375
SBILIFE,SBI Life Insurance Company Ltd,Strong sales growth: 24.0% over 5 Years. ||| Strong sales growth: 23.0% over 10 Years. ||| Strong sales growth: 17.0% over 3 Years.,Profit growth is low: 7.0% over 5 Years. ||| Profit growth is low: 9.0% over 3 Years. ||| Profit growth is low: 10.0% over 10 Years.,2025-08-15T12:09:30.499374
SBIN,State Bank of India,Profit growth is robust: 83.0% over 5 Years. ||| Profit growth is robust: 43.0% over 3 Years. ||| Healthy average ROE: 17.3%.,Low return on capital employed: 6.2%. ||| Weak sales growth: only 9.0% over 10 Years.,2025-08-15T12:09:30.499374
SHREECEM,Shree Cement Ltd,Strong sales growth: 15.0% over 3 Years. ||| Strong return on capital employed: 14.8%. ||| Strong sales growth: 14.0% over 10 Years.,Profit growth is low: -9.0% over 3 Years. ||| Profit growth is low: 8.0% over 10 Years. ||| Weak sales growth: only 10.0% over 5 Years.,2025-08-15T12:09:30.500374
SHRIRAMFIN,"Shriram Finance Ltd
",Profit growth is robust: 44.0% over 3 Years. ||| Strong sales growth: 28.0% over 3 Years. ||| Profit growth is robust: 23.0% over 5 Years.,,2025-08-15T12:09:30.500374
SIEMENS,Siemens Ltd,Profit growth is robust: 37.0% over 3 Years. ||| Strong return on capital employed: 25.6%. ||| Strong sales growth: 25.0% over 3 Years.,Weak sales growth: only 5.0% over 10 Years. ||| Profit growth is low: 8.0% over 10 Years. ||| Weak sales growth: only 9.0% over 5 Years.,2025-08-15T12:09:30.501374
SUNPHARMA,Sun Pharmaceuticals Industries Ltd,Profit growth is robust: 62.0% over 3 Years. ||| Profit growth is robust: 25.0% over 5 Years. ||| Strong return on capital employed: 17.3%.,Profit growth is low: 9.0% over 10 Years. ||| Low return on equity: 10.0% (5 Years).,2025-08-15T12:09:30.501374
TATACONSUM,Tata Consumer Products Ltd,Profit growth is robust: 22.0% over 5 Years. ||| Strong sales growth: 16.0% over 5 Years. ||| Strong return on capital employed: 10.6%.,Low return on equity: 6.0% (5 Years). ||| Low return on equity: 6.0% (10 Years). ||| Low return on equity: 7.0% (3 Years).,2025-08-15T12:09:30.502374
TATAMOTORS,Tata Motors Ltd,Profit growth is robust: 64.0% over 3 Years. ||| Healthy average ROE: 49.4%. ||| Profit growth is robust: 25.0% over 5 Years.,Low return on equity: -9.0% (5 Years). ||| Low return on equity: 4.0% (3 Years). ||| Low return on equity: 4.0% (10 Years).,2025-08-15T12:09:30.502374
TATAPOWER,"Tata Power Company Ltd
",Profit growth is robust: 80.0% over 10 Years. ||| Profit growth is robust: 44.0% over 3 Years. ||| Strong sales growth: 23.0% over 3 Years.,Weak sales growth: only 6.0% over 10 Years. ||| Profit growth is low: 10.0% over 5 Years. ||| Low return on equity: 10.0% (10 Years).,2025-08-15T12:09:30.503378
TATASTEEL,"Tata Steel Ltd
",Strong sales growth: 14.0% over 3 Years. ||| High return on equity: 14.0% (3 Years). ||| High return on equity: 12.0% (5 Years).,Profit growth is low: -17.0% over 3 Years. ||| Profit growth is low: -9.0% over 5 Years. ||| Profit growth is low: -9.0% over 10 Years.,2025-08-15T12:09:30.503378
TCS,Tata Consultancy Services Ltd,Strong return on capital employed: 64.3%. ||| High return on equity: 45.0% (3 Years). ||| High return on equity: 42.0% (5 Years).,ROE is low: 0.5%. ||| Profit growth is low: 8.0% over 5 Years. ||| Profit growth is low: 9.0% over 10 Years.,2025-08-15T12:09:30.504379
TECHM,Tech Mahindra Ltd,High return on equity: 19.0% (10 Years). ||| High return on equity: 17.0% (5 Years). ||| High return on equity: 16.0% (3 Years).,Profit growth is low: -18.0% over 3 Years. ||| Profit growth is low: -11.0% over 5 Years. ||| Profit growth is low: -2.0% over 10 Years.,2025-08-15T12:09:30.504379
TITAN,"Titan Company Ltd
",Profit growth is robust: 53.0% over 3 Years. ||| Strong sales growth: 33.0% over 3 Years. ||| Healthy average ROE: 32.9%.,,2025-08-15T12:09:30.505375
TORNTPHARM,Torrent Pharmaceuticals Ltd,Profit growth is robust: 31.0% over 5 Years. ||| Healthy average ROE: 24.2%. ||| Strong return on capital employed: 23.2%.,Weak sales growth: only 7.0% over 5 Years. ||| Weak sales growth: only 10.0% over 3 Years. ||| Profit growth is low: 10.0% over 3 Years.,2025-08-15T12:09:30.506218
TRENT,Trent Ltd,Profit growth is robust: 117.0% over 3 Years. ||| Profit growth is robust: 73.0% over 5 Years. ||| Strong sales growth: 68.0% over 3 Years.,Low return on equity: 10.0% (10 Years).,2025-08-15T12:09:30.506218
TVSMOTOR,TVS Motor Company Ltd,Profit growth is robust: 43.0% over 3 Years. ||| Healthy average ROE: 26.6%. ||| Strong sales growth: 26.0% over 3 Years.,,2025-08-15T12:09:30.506964
ULTRACEMCO,UltraTech Cement Ltd,Profit growth is robust: 24.0% over 5 Years. ||| Strong sales growth: 17.0% over 3 Years. ||| Strong return on capital employed: 15.1%.,Profit growth is low: 9.0% over 3 Years.,2025-08-15T12:09:30.506964
UNIONBANK,Union Bank of India,Profit growth is robust: 69.0% over 3 Years. ||| Profit growth is robust: 46.0% over 5 Years. ||| Strong sales growth: 24.0% over 5 Years.,Low return on equity: 6.0% (10 Years). ||| Low return on capital employed: 6.5%. ||| Low return on equity: 8.0% (5 Years).,2025-08-15T12:09:30.506964
UNITDSPR,United Spirits Ltd,Profit growth is robust: 57.0% over 3 Years. ||| Strong return on capital employed: 27.9%. ||| Healthy average ROE: 21.0%.,Low return on equity: -1.0% (10 Years). ||| Weak sales growth: only 1.0% over 10 Years. ||| Weak sales growth: only 4.0% over 5 Years.,2025-08-15T12:09:30.506964
VBL,Varun Beverages Ltd,Profit growth is robust: 81.0% over 3 Years. ||| Profit growth is robust: 49.0% over 10 Years. ||| Profit growth is robust: 48.0% over 5 Years.,,2025-08-15T12:09:30.506964
VEDL,"Vedanta Ltd
",High return on equity: 31.0% (3 Years). ||| High return on equity: 21.0% (5 Years). ||| Strong return on capital employed: 20.9%.,Profit growth is low: -21.0% over 3 Years. ||| Profit growth is low: -5.0% over 5 Years. ||| Profit growth is low: -4.0% over 10 Years.,2025-08-15T12:09:30.506964
WIPRO,Wipro Ltd,High return on equity: 18.0% (10 Years). ||| High return on equity: 17.0% (3 Years). ||| High return on equity: 17.0% (5 Years).,Profit growth is low: 1.0% over 3 Years. ||| Profit growth is low: 3.0% over 10 Years. ||| Profit growth is low: 4.0% over 5 Years.,2025-08-15T12:09:30.506964
ZOMATO,"Zomato Ltd
",Strong sales growth: 82.0% over 3 Years. ||| Strong sales growth: 56.0% over 5 Years. ||| Profit growth is robust: 34.0% over 3 Years.,Low return on equity: -9.0% (5 Years). ||| Low return on equity: -4.0% (3 Years). ||| ROE is low: 1.1%.,2025-08-15T12:09:30.506964
ZYDUSLIFE,Zydus Lifesciences Ltd,Strong return on capital employed: 22.3%. ||| Profit growth is robust: 22.0% over 3 Years. ||| Healthy average ROE: 20.7%.,Weak sales growth: only 8.0% over 5 Years. ||| Weak sales growth: only 10.0% over 10 Years.,2025-08-15T12:09:30.506964
