id,company_id,compounded_sales_growth,compounded_profit_growth,stock_price_cagr,roe,roce_percentage,roe_percentage
0,ADANIENSOL,3 Years: 19%,3 Years: -2%,,3 Years: 12%,9.0,8.59
1,ADANIENSOL,5 Years: 18%,5 Years: 16%,,5 Years: 10%,9.0,8.59
2,ADANIENSOL,10 Years: %,10 Years: %,,10 Years: 11%,9.0,8.59
3,ADANIENT,3 Years: 35%,3 Years: 47%,,3 Years: 7%,11.6,13.64
4,ADANIENT,5 Years: 19%,5 Years: 46%,,5 Years: 6%,11.6,13.64
5,ADANIENT,10 Years: 6%,10 Years: 2%,,10 Years: 7%,11.6,13.64
6,ADANIGREEN,3 Years: 43%,3 Years: 91%,,3 Years: 13%,96.5,14.7
7,ADANIGREEN,5 Years: 35%,5 Years: 36%,,5 Years: 9%,96.5,14.7
8,ADANIGREEN,10 Years: %,10 Years: %,,10 Years: %,96.5,14.7
10,ADANIPORTS,5 Years: 20%,5 Years: 15%,,5 Years: 14%,12.9,18.1
11,ADANIPORTS,10 Years: 19%,10 Years: 17%,,10 Years: 16%,12.9,18.1
9,ADANIPORTS,3 Years: 29%,3 Years: 17%,,3 Years: 14%,12.9,18.1
12,ADANIPOWER,3 Years: 24%,3 Years: 154%,,3 Years: 36%,32.2,57.1
13,ADANIPOWER,5 Years: 16%,5 Years: 87%,,5 Years: 29%,32.2,57.1
14,ADANIPOWER,10 Years: 13%,10 Years: 54%,,10 Years: 18%,32.2,57.1
15,AMBUJACEM,3 Years: 11%,3 Years: 15%,,3 Years: 12%,12.8,9.24
16,AMBUJACEM,5 Years: 5%,5 Years: 10%,,5 Years: 12%,12.8,9.24
17,AMBUJACEM,10 Years: 14%,10 Years: 14%,,10 Years: 11%,12.8,9.24
18,APOLLOHOSP,3 Years: 22%,3 Years: 90%,,3 Years: 13%,17.2,13.81
19,APOLLOHOSP,5 Years: 15%,5 Years: 36%,,5 Years: 12%,17.2,13.81
20,APOLLOHOSP,10 Years: 16%,10 Years: 11%,,10 Years: 10%,17.2,13.81
21,ASIANPAINT,3 Years: 18%,3 Years: 20%,,3 Years: 26%,41.75,31.45
22,ASIANPAINT,5 Years: 13%,5 Years: 20%,,5 Years: 26%,41.75,31.45
23,ASIANPAINT,10 Years: 11%,10 Years: 16%,,10 Years: 26%,41.75,31.45
24,ATGL,3 Years: 38%,3 Years: 13%,,3 Years: 20%,21.2,20.5
25,ATGL,5 Years: 21%,5 Years: 24%,,5 Years: 21%,21.2,20.5
26,ATGL,10 Years: %,10 Years: %,,10 Years: %,21.2,20.5
27,AXISBANK,3 Years: 20%,3 Years: 56%,,3 Years: 12%,7.06,18.4
28,AXISBANK,5 Years: 15%,5 Years: 40%,,5 Years: 11%,7.06,18.4
29,AXISBANK,10 Years: 14%,10 Years: 15%,,10 Years: 11%,7.06,18.4
30,BAJAJ-AUTO,3 Years: 17%,3 Years: 17%,,3 Years: 21%,33.5,26.5
31,BAJAJ-AUTO,5 Years: 8%,5 Years: 9%,,5 Years: 22%,33.5,26.5
32,BAJAJ-AUTO,10 Years: 8%,10 Years: 9%,,10 Years: 23%,33.5,26.5
33,BAJAJFINSV,3 Years: 22%,3 Years: 28%,,3 Years: 24%,21.14,11.72
34,BAJAJFINSV,5 Years: 21%,5 Years: 24%,,5 Years: 23%,21.14,11.72
35,BAJAJFINSV,10 Years: 34%,10 Years: 22%,,10 Years: 23%,21.14,11.72
36,BAJAJHLDNG,3 Years: 55%,3 Years: 26%,,3 Years: 11%,13.1,14.8
37,BAJAJHLDNG,5 Years: 32%,5 Years: 19%,,5 Years: 11%,13.1,14.8
38,BAJAJHLDNG,10 Years: 15%,10 Years: 14%,,10 Years: 12%,13.1,14.8
39,BAJFINANCE,3 Years: 27%,3 Years: 48%,,3 Years: 18%,11.9,22.1
40,BAJFINANCE,5 Years: 24%,5 Years: 29%,,5 Years: 18%,11.9,22.1
41,BAJFINANCE,10 Years: %,10 Years: %,,10 Years: %,11.9,22.1
42,BANKBARODA,3 Years: 17%,3 Years: 127%,,3 Years: 12%,6.33,16.7
43,BANKBARODA,5 Years: 17%,5 Years: 75%,,5 Years: 10%,6.33,16.7
44,BANKBARODA,10 Years: 11%,10 Years: 14%,,10 Years: 8%,6.33,16.7
45,BEL,3 Years: 13%,3 Years: 24%,,3 Years: 3997%,34.6,26.3
46,BEL,5 Years: 11%,5 Years: 16%,,5 Years: 3883%,34.6,26.3
47,BEL,10 Years: 12%,10 Years: 15%,,10 Years: 4670%,34.6,26.3
48,BHARTIARTL,3 Years: 14%,3 Years: 39%,,3 Years: 6%,13.1,14.9
49,BHARTIARTL,5 Years: 13%,5 Years: 38%,,5 Years: -3%,13.1,14.9
50,BHARTIARTL,10 Years: 6%,10 Years: 11%,,10 Years: 1%,13.1,14.9
51,BHEL,3 Years: 11%,3 Years: 28%,,3 Years: -1%,3.28,1.05
52,BHEL,5 Years: -5%,5 Years: -22%,,5 Years: -1%,3.28,1.05
53,BHEL,10 Years: -5%,10 Years: -22%,,10 Years: 1%,3.28,1.05
54,BOSCHLTD,3 Years: 20%,3 Years: 73%,,3 Years: 13%,20.6,16.0
55,BOSCHLTD,5 Years: 7%,5 Years: 9%,,5 Years: 13%,20.6,16.0
56,BOSCHLTD,10 Years: 7%,10 Years: 11%,,10 Years: 14%,20.6,16.0
57,BPCL,3 Years: 25%,3 Years: 16%,,3 Years: 25%,32.1,41.9
58,BPCL,5 Years: 8%,5 Years: 26%,,5 Years: 23%,32.1,41.9
59,BPCL,10 Years: 5%,10 Years: 21%,,10 Years: 24%,32.1,41.9
60,BRITANNIA,3 Years: 8%,3 Years: 5%,,3 Years: 58%,48.9,57.1
61,BRITANNIA,5 Years: 9%,5 Years: 13%,,5 Years: 47%,48.9,57.1
62,BRITANNIA,10 Years: 9%,10 Years: 18%,,10 Years: 44%,48.9,57.1
63,CANBK,3 Years: 16%,3 Years: 73%,,3 Years: 14%,6.63,17.9
64,CANBK,5 Years: 18%,5 Years: 86%,,5 Years: 11%,6.63,17.9
65,CANBK,10 Years: 11%,10 Years: 19%,,10 Years: 7%,6.63,17.9
66,CHOLAFIN,3 Years: 26%,3 Years: 31%,,3 Years: 18%,10.4,20.2
67,CHOLAFIN,5 Years: 22%,5 Years: 23%,,5 Years: 17%,10.4,20.2
68,CHOLAFIN,10 Years: 19%,10 Years: 25%,,10 Years: 17%,10.4,20.2
69,CIPLA,3 Years: 10%,3 Years: 20%,,3 Years: 13%,22.8,16.8
70,CIPLA,5 Years: 10%,5 Years: 23%,,5 Years: 12%,22.8,16.8
71,CIPLA,10 Years: 10%,10 Years: 11%,,10 Years: 12%,22.8,16.8
72,COALINDIA,3 Years: 16%,3 Years: 43%,,3 Years: 44%,63.6,52.0
73,COALINDIA,5 Years: 7%,5 Years: 16%,,5 Years: 47%,63.6,52.0
74,COALINDIA,10 Years: 7%,10 Years: 9%,,10 Years: 43%,63.6,52.0
75,DABUR,3 Years: 9%,3 Years: 2%,,3 Years: 20%,22.3,19.2
76,DABUR,5 Years: 8%,5 Years: 5%,,5 Years: 21%,22.3,19.2
77,DABUR,10 Years: 6%,10 Years: 7%,,10 Years: 23%,22.3,19.2
81,DLF,3 Years: 6%,3 Years: 36%,,3 Years: 5%,5.74,6.95
82,DLF,5 Years: -5%,5 Years: 16%,,5 Years: 4%,5.74,6.95
83,DLF,10 Years: -3%,10 Years: 17%,,10 Years: 4%,5.74,6.95
84,DMART,3 Years: 28%,3 Years: 32%,,3 Years: 12%,19.4,14.5
85,DMART,5 Years: 20%,5 Years: 23%,,5 Years: 13%,19.4,14.5
86,DMART,10 Years: 27%,10 Years: 32%,,10 Years: 13%,19.4,14.5
87,DRREDDY,3 Years: 14%,3 Years: 42%,,3 Years: 16%,26.5,21.4
88,DRREDDY,5 Years: 13%,5 Years: 23%,,5 Years: 15%,26.5,21.4
89,DRREDDY,10 Years: 8%,10 Years: 11%,,10 Years: 16%,26.5,21.4
90,EICHERMOT,3 Years: 24%,3 Years: 44%,,3 Years: 17%,31.1,24.2
91,EICHERMOT,5 Years: 11%,5 Years: 13%,,5 Years: 18%,31.1,24.2
92,EICHERMOT,10 Years: 9%,10 Years: 23%,,10 Years: 21%,31.1,24.2
93,GAIL,3 Years: 32%,3 Years: 17%,,3 Years: 13%,14.7,14.0
94,GAIL,5 Years: 12%,5 Years: 9%,,5 Years: 14%,14.7,14.0
95,GAIL,10 Years: 8%,10 Years: 8%,,10 Years: 13%,14.7,14.0
96,GODREJCP,3 Years: 9%,3 Years: -10%,,3 Years: 10%,26.49,6.77
97,GODREJCP,5 Years: 6%,5 Years: -4%,,5 Years: 14%,26.49,6.77
98,GODREJCP,10 Years: 6%,10 Years: -5%,,10 Years: 16%,26.49,6.77
100,GRASIM,5 Years: 11%,5 Years: 29%,,5 Years: 11%,9.3,6.9
101,GRASIM,10 Years: 17%,10 Years: 13%,,10 Years: 11%,9.3,6.9
99,GRASIM,3 Years: 20%,3 Years: 12%,,3 Years: 13%,9.3,6.9
102,HAL,3 Years: 10%,3 Years: 33%,,3 Years: 3229%,38.9,28.9
103,HAL,5 Years: 9%,5 Years: 26%,,5 Years: 2852%,38.9,28.9
104,HAL,10 Years: 7%,10 Years: 11%,,10 Years: %,38.9,28.9
105,HAVELLS,3 Years: 21%,3 Years: 7%,,3 Years: 18%,24.4,18.0
106,HAVELLS,5 Years: 13%,5 Years: 10%,,5 Years: 18%,24.4,18.0
107,HAVELLS,10 Years: 9%,10 Years: 11%,,10 Years: 20%,24.4,18.0
108,HCLTECH,3 Years: 13%,3 Years: 12%,,3 Years: 22%,29.6,23.3
109,HCLTECH,5 Years: 13%,5 Years: 9%,,5 Years: 22%,29.6,23.3
110,HCLTECH,10 Years: 13%,10 Years: 9%,,10 Years: 23%,29.6,23.3
111,HDFCBANK,3 Years: 30%,3 Years: 27%,,3 Years: 20%,7.67,17.1
112,HDFCBANK,5 Years: 22%,5 Years: 24%,,5 Years: 20%,7.67,17.1
113,HDFCBANK,10 Years: 21%,10 Years: 22%,,10 Years: 20%,7.67,17.1
114,HDFCLIFE,3 Years: 12%,3 Years: 5%,,3 Years: 11%,6.61,11.4
115,HDFCLIFE,5 Years: 21%,5 Years: 4%,,5 Years: 13%,6.61,11.4
116,HDFCLIFE,10 Years: 19%,10 Years: 8%,,10 Years: 16%,6.61,11.4
117,HEROMOTOCO,3 Years: 7%,3 Years: 8%,,3 Years: 18%,29.1,22.0
118,HEROMOTOCO,5 Years: 2%,5 Years: 2%,,5 Years: 20%,29.1,22.0
119,HEROMOTOCO,10 Years: 4%,10 Years: 6%,,10 Years: 25%,29.1,22.0
120,HINDALCO,3 Years: 18%,3 Years: 43%,,3 Years: 11%,11.3,10.2
121,HINDALCO,5 Years: 11%,5 Years: 13%,,5 Years: 10%,11.3,10.2
122,HINDALCO,10 Years: 9%,10 Years: 17%,,10 Years: 8%,11.3,10.2
123,HINDUNILVR,3 Years: 10%,3 Years: 9%,,3 Years: 19%,27.2,20.2
124,HINDUNILVR,5 Years: 10%,5 Years: 11%,,5 Years: 23%,27.2,20.2
125,HINDUNILVR,10 Years: 8%,10 Years: 10%,,10 Years: 30%,27.2,20.2
126,ICICIBANK,3 Years: 21%,3 Years: 31%,,3 Years: 19%,7.6,18.8
127,ICICIBANK,5 Years: 17%,5 Years: 52%,,5 Years: 16%,7.6,18.8
128,ICICIBANK,10 Years: 12%,10 Years: 15%,,10 Years: 15%,7.6,18.8
129,ICICIGI,3 Years: 19%,3 Years: 9%,,3 Years: 16%,22.5,17.0
130,ICICIGI,5 Years: 13%,5 Years: 13%,,5 Years: 17%,22.5,17.0
131,ICICIGI,10 Years: 17%,10 Years: 14%,,10 Years: 17%,22.5,17.0
132,ICICIPRULI,3 Years: 3%,3 Years: -4%,,3 Years: 9%,8.75,8.07
133,ICICIPRULI,5 Years: 17%,5 Years: -6%,,5 Years: 10%,8.75,8.07
134,ICICIPRULI,10 Years: 15%,10 Years: -6%,,10 Years: 17%,8.75,8.07
135,INDIGO,3 Years: 68%,3 Years: 49%,,3 Years: 47%,24.5,
136,INDIGO,5 Years: 19%,5 Years: 121%,,5 Years: 40%,24.5,
137,INDIGO,10 Years: 20%,10 Years: 33%,,10 Years: 250%,24.5,
138,INDUSINDBK,3 Years: 16%,3 Years: 47%,,3 Years: 13%,7.93,15.2
139,INDUSINDBK,5 Years: 15%,5 Years: 22%,,5 Years: 14%,7.93,15.2
140,INDUSINDBK,10 Years: 19%,10 Years: 20%,,10 Years: 15%,7.93,15.2
141,INFY,3 Years: 15%,3 Years: 11%,,3 Years: 29%,40.0,31.8
142,INFY,5 Years: 13%,5 Years: 11%,,5 Years: 28%,40.0,31.8
143,INFY,10 Years: 12%,10 Years: 9%,,10 Years: 26%,40.0,31.8
144,IOC,3 Years: 29%,3 Years: 26%,,3 Years: 18%,21.31,25.44
145,IOC,5 Years: 8%,5 Years: 20%,,5 Years: 15%,21.31,25.44
146,IOC,10 Years: 5%,10 Years: 20%,,10 Years: 15%,21.31,25.44
147,IRCTC,3 Years: 76%,3 Years: 81%,,3 Years: 33%,53.8,40.4
148,IRCTC,5 Years: 18%,5 Years: 29%,,5 Years: 33%,53.8,40.4
149,IRCTC,10 Years: %,10 Years: %,,10 Years: %,53.8,40.4
150,IRFC,3 Years: 19%,3 Years: 13%,,3 Years: 14%,5.73,13.7
151,IRFC,5 Years: 19%,5 Years: 23%,,5 Years: 13%,5.73,13.7
152,IRFC,10 Years: 16%,10 Years: 25%,,10 Years: 12%,5.73,13.7
153,ITC,3 Years: 13%,3 Years: 16%,,3 Years: 26%,34.76,29.47
154,ITC,5 Years: 8%,5 Years: 10%,,5 Years: 25%,34.76,29.47
155,ITC,10 Years: 7%,10 Years: 9%,,10 Years: 25%,34.76,29.47
156,JINDALSTEL,3 Years: 13%,3 Years: 12%,,3 Years: 14%,13.2,14.1
157,JINDALSTEL,5 Years: 1%,5 Years: 35%,,5 Years: 8%,13.2,14.1
158,JINDALSTEL,10 Years: 10%,10 Years: 12%,,10 Years: 3%,13.2,14.1
159,JIOFIN,3 Years: %,3 Years: %,,3 Years: %,2.16,1.82
160,JIOFIN,5 Years: %,5 Years: %,,5 Years: %,2.16,1.82
161,JIOFIN,10 Years: %,10 Years: %,,10 Years: %,2.16,1.82
162,JSWENERGY,3 Years: 18%,3 Years: 28%,,3 Years: 8%,8.59,8.4
163,JSWENERGY,5 Years: 5%,5 Years: 20%,,5 Years: 8%,8.59,8.4
164,JSWENERGY,10 Years: 3%,10 Years: 9%,,10 Years: 8%,8.59,8.4
165,JSWSTEEL,3 Years: 30%,3 Years: 4%,,3 Years: 16%,13.36,11.66
166,JSWSTEEL,5 Years: 16%,5 Years: 4%,,5 Years: 16%,13.36,11.66
167,JSWSTEEL,10 Years: 13%,10 Years: 36%,,10 Years: 15%,13.36,11.66
168,KOTAKBANK,3 Years: 20%,3 Years: 22%,,3 Years: 15%,7.86,15.1
169,KOTAKBANK,5 Years: 14%,5 Years: 20%,,5 Years: 15%,7.86,15.1
170,KOTAKBANK,10 Years: 17%,10 Years: 22%,,10 Years: 15%,7.86,15.1
171,LICI,3 Years: 7%,3 Years: 140%,,3 Years: 57%,63.79,63.61
172,LICI,5 Years: 8%,5 Years: 73%,,5 Years: 60%,63.79,63.61
173,LICI,10 Years: %,10 Years: %,,10 Years: %,63.79,63.61
174,LODHA,3 Years: 24%,3 Years: 219%,,3 Years: 7%,11.1,10.7
175,LODHA,5 Years: -3%,5 Years: -1%,,5 Years: 10%,11.1,10.7
176,LODHA,10 Years: 13%,10 Years: 15%,,10 Years: 12%,11.1,10.7
177,LT,3 Years: 18%,3 Years: 6%,,3 Years: 88%,17.18,10.49
178,LT,5 Years: 10%,5 Years: 9%,,5 Years: 106%,17.18,10.49
179,LT,10 Years: 10%,10 Years: 12%,,10 Years: 125%,17.18,10.49
180,LTIM,3 Years: 42%,3 Years: 33%,,3 Years: 26%,34.1,26.04
181,LTIM,5 Years: 30%,5 Years: 25%,,5 Years: 26%,34.1,26.04
182,LTIM,10 Years: 22%,10 Years: 16%,,10 Years: 28%,34.1,26.04
183,M&M,3 Years: 23%,3 Years: 101%,,3 Years: 15%,26.98,17.99
184,M&M,5 Years: 6%,5 Years: 15%,,5 Years: 13%,26.98,17.99
185,M&M,10 Years: 7%,10 Years: 9%,,10 Years: 14%,26.98,17.99
186,MARUTI,3 Years: 26%,3 Years: 45%,,3 Years: 11%,23.67,15.75
187,MARUTI,5 Years: 11%,5 Years: 12%,,5 Years: 12%,23.67,15.75
188,MARUTI,10 Years: 12%,10 Years: 17%,,10 Years: 14%,23.67,15.75
189,MOTHERSON,3 Years: 20%,3 Years: 24%,,3 Years: 9%,13.7,11.8
190,MOTHERSON,5 Years: 9%,5 Years: 8%,,5 Years: 10%,13.7,11.8
191,MOTHERSON,10 Years: 12%,10 Years: 11%,,10 Years: 15%,13.7,11.8
192,NAUKRI,3 Years: 31%,3 Years: -25%,,3 Years: 22%,3.65,2.44
193,NAUKRI,5 Years: 17%,5 Years: 0%,,5 Years: 21%,3.65,2.44
194,NAUKRI,10 Years: 16%,10 Years: 26%,,10 Years: 20%,3.65,2.44
195,NESTLEIND,3 Years: 18%,3 Years: 23%,,3 Years: 112%,185.43,135.61
196,NESTLEIND,5 Years: 15%,5 Years: 15%,,5 Years: 110%,185.43,135.61
197,NESTLEIND,10 Years: 9%,10 Years: 13%,,10 Years: 70%,185.43,135.61
198,NHPC,3 Years: 0%,3 Years: 4%,,3 Years: 11%,7.67,9.61
199,NHPC,5 Years: 1%,5 Years: 7%,,5 Years: 11%,7.67,9.61
200,NHPC,10 Years: 3%,10 Years: 9%,,10 Years: 10%,7.67,9.61
201,NTPC,3 Years: 17%,3 Years: 13%,,3 Years: 12%,10.58,12.52
202,NTPC,5 Years: 12%,5 Years: 9%,,5 Years: 12%,10.58,12.52
203,NTPC,10 Years: 9%,10 Years: 6%,,10 Years: 12%,10.58,12.52
204,ONGC,3 Years: 25%,3 Years: 39%,,3 Years: 15%,19.71,14.32
205,ONGC,5 Years: 7%,5 Years: 11%,,5 Years: 14%,19.71,14.32
206,ONGC,10 Years: 13%,10 Years: 8%,,10 Years: 13%,19.71,14.32
207,PFC,3 Years: 8%,3 Years: 19%,,3 Years: 26%,9.96,19.49
208,PFC,5 Years: 11%,5 Years: 16%,,5 Years: 25%,9.96,19.49
209,PFC,10 Years: 16%,10 Years: 17%,,10 Years: 23%,9.96,19.49
210,PIDILITIND,3 Years: 19%,3 Years: 16%,,3 Years: 19%,29.7,22.8
211,PIDILITIND,5 Years: 12%,5 Years: 13%,,5 Years: 20%,29.7,22.8
212,PIDILITIND,10 Years: 11%,10 Years: 15%,,10 Years: 22%,29.7,22.8
213,PNB,3 Years: 10%,3 Years: 50%,,3 Years: 51%,1.63,8.7
214,PNB,5 Years: 16%,5 Years: 24%,,5 Years: 19%,1.63,8.7
215,PNB,10 Years: 9%,10 Years: 10%,,10 Years: 5%,1.63,8.7
216,POWERGRID,3 Years: 5%,3 Years: 9%,,3 Years: 19%,13.2,19.0
217,POWERGRID,5 Years: 6%,5 Years: 9%,,5 Years: 18%,13.2,19.0
218,POWERGRID,10 Years: 11%,10 Years: 13%,,10 Years: 17%,13.2,19.0
219,RECLTD,3 Years: 10%,3 Years: 19%,,3 Years: 20%,10.0,22.2
220,RECLTD,5 Years: 13%,5 Years: 20%,,5 Years: 19%,10.0,22.2
221,RECLTD,10 Years: 11%,10 Years: 12%,,10 Years: 19%,10.0,22.2
222,RELIANCE,3 Years: 24%,3 Years: 14%,,3 Years: 9%,9.61,9.25
223,RELIANCE,5 Years: 10%,5 Years: 15%,,5 Years: 9%,9.61,9.25
224,RELIANCE,10 Years: 8%,10 Years: 13%,,10 Years: 10%,9.61,9.25
225,SBILIFE,3 Years: 17%,3 Years: 9%,,3 Years: 13%,13.2,12.0
226,SBILIFE,5 Years: 24%,5 Years: 7%,,5 Years: 14%,13.2,12.0
227,SBILIFE,10 Years: 23%,10 Years: 10%,,10 Years: 15%,13.2,12.0
228,SBIN,3 Years: 16%,3 Years: 43%,,,6.16,17.3
229,SBIN,5 Years: 12%,5 Years: 83%,,,6.16,17.3
230,SBIN,10 Years: 9%,10 Years: 17%,,,6.16,17.3
231,SHREECEM,3 Years: 15%,3 Years: -9%,,3 Years: 11%,14.8,12.2
232,SHREECEM,5 Years: 10%,5 Years: 11%,,5 Years: 11%,14.8,12.2
233,SHREECEM,10 Years: 14%,10 Years: 8%,,10 Years: 12%,14.8,12.2
234,SHRIRAMFIN,3 Years: 28%,3 Years: 44%,,3 Years: 13%,11.3,15.9
235,SHRIRAMFIN,5 Years: 19%,5 Years: 23%,,5 Years: 14%,11.3,15.9
236,SHRIRAMFIN,10 Years: 16%,10 Years: 18%,,10 Years: 14%,11.3,15.9
237,SIEMENS,3 Years: 25%,3 Years: 37%,,3 Years: 12%,25.6,19.1
238,SIEMENS,5 Years: 9%,5 Years: 17%,,5 Years: 12%,25.6,19.1
239,SIEMENS,10 Years: 5%,10 Years: 8%,,10 Years: 16%,25.6,19.1
240,SUNPHARMA,3 Years: 13%,3 Years: 62%,,3 Years: 11%,17.3,16.7
241,SUNPHARMA,5 Years: 11%,5 Years: 25%,,5 Years: 10%,17.3,16.7
242,SUNPHARMA,10 Years: 12%,10 Years: 9%,,10 Years: 12%,17.3,16.7
243,TATACONSUM,3 Years: 9%,3 Years: 9%,,3 Years: 7%,10.6,8.32
244,TATACONSUM,5 Years: 16%,5 Years: 22%,,5 Years: 6%,10.6,8.32
245,TATACONSUM,10 Years: 7%,10 Years: 9%,,10 Years: 6%,10.6,8.32
246,TATAMOTORS,3 Years: 21%,3 Years: 64%,,3 Years: 4%,20.1,49.4
247,TATAMOTORS,5 Years: 8%,5 Years: 25%,,5 Years: -9%,20.1,49.4
248,TATAMOTORS,10 Years: 7%,10 Years: 9%,,10 Years: 4%,20.1,49.4
249,TATAPOWER,3 Years: 23%,3 Years: 44%,,3 Years: 11%,11.1,11.3
250,TATAPOWER,5 Years: 16%,5 Years: 10%,,5 Years: 11%,11.1,11.3
251,TATAPOWER,10 Years: 6%,10 Years: 80%,,10 Years: 10%,11.1,11.3
252,TATASTEEL,3 Years: 14%,3 Years: -17%,,3 Years: 14%,7.02,6.55
253,TATASTEEL,5 Years: 8%,5 Years: -9%,,5 Years: 12%,7.02,6.55
254,TATASTEEL,10 Years: 4%,10 Years: -9%,,10 Years: 10%,7.02,6.55
255,TCS,3 Years: 14%,3 Years: 12%,,3 Years: 45%,64.3,0.52
256,TCS,5 Years: 10%,5 Years: 8%,,5 Years: 42%,64.3,0.52
257,TCS,10 Years: 11%,10 Years: 9%,,10 Years: 39%,64.3,0.52
258,TECHM,3 Years: 11%,3 Years: -18%,,3 Years: 16%,11.9,8.63
259,TECHM,5 Years: 8%,5 Years: -11%,,5 Years: 17%,11.9,8.63
260,TECHM,10 Years: 11%,10 Years: -2%,,10 Years: 19%,11.9,8.63
261,TITAN,3 Years: 33%,3 Years: 53%,,3 Years: 26%,22.7,32.9
262,TITAN,5 Years: 21%,5 Years: 20%,,5 Years: 25%,22.7,32.9
263,TITAN,10 Years: 17%,10 Years: 17%,,10 Years: 24%,22.7,32.9
264,TORNTPHARM,3 Years: 10%,3 Years: 10%,,3 Years: 20%,23.2,24.2
265,TORNTPHARM,5 Years: 7%,5 Years: 31%,,5 Years: 19%,23.2,24.2
266,TORNTPHARM,10 Years: 10%,10 Years: 10%,,10 Years: 22%,23.2,24.2
267,TRENT,3 Years: 68%,3 Years: 117%,,3 Years: 15%,23.8,27.2
268,TRENT,5 Years: 36%,5 Years: 73%,,5 Years: 13%,23.8,27.2
269,TRENT,10 Years: 18%,10 Years: 55%,,10 Years: 10%,23.8,27.2
270,TVSMOTOR,3 Years: 26%,3 Years: 43%,,3 Years: 22%,14.7,26.6
271,TVSMOTOR,5 Years: 14%,5 Years: 20%,,5 Years: 22%,14.7,26.6
272,TVSMOTOR,10 Years: 17%,10 Years: 25%,,10 Years: 22%,14.7,26.6
273,ULTRACEMCO,3 Years: 17%,3 Years: 9%,,3 Years: 12%,15.1,12.2
274,ULTRACEMCO,5 Years: 11%,5 Years: 24%,,5 Years: 12%,15.1,12.2
275,ULTRACEMCO,10 Years: 13%,10 Years: 12%,,10 Years: 11%,15.1,12.2
276,UNIONBANK,3 Years: 13%,3 Years: 69%,,3 Years: 12%,6.55,15.6
277,UNIONBANK,5 Years: 24%,5 Years: 46%,,5 Years: 8%,6.55,15.6
278,UNIONBANK,10 Years: 13%,10 Years: 23%,,10 Years: 6%,6.55,15.6
279,UNITDSPR,3 Years: 12%,3 Years: 57%,,3 Years: 17%,27.9,21.0
280,UNITDSPR,5 Years: 4%,5 Years: 16%,,5 Years: 17%,27.9,21.0
281,UNITDSPR,10 Years: 1%,10 Years: 9%,,10 Years: -1%,27.9,21.0
282,VBL,3 Years: 35%,3 Years: 81%,,3 Years: %,28.8,35.2
283,VBL,5 Years: 26%,5 Years: 48%,,5 Years: %,28.8,35.2
284,VBL,10 Years: 22%,10 Years: 49%,,10 Years: %,28.8,35.2
285,VEDL,3 Years: 18%,3 Years: -21%,,3 Years: 31%,20.9,10.5
286,VEDL,5 Years: 9%,5 Years: -5%,,5 Years: 21%,20.9,10.5
287,VEDL,10 Years: 8%,10 Years: -4%,,10 Years: 12%,20.9,10.5
288,WIPRO,3 Years: 13%,3 Years: 1%,,3 Years: 17%,16.9,14.3
289,WIPRO,5 Years: 9%,5 Years: 4%,,5 Years: 17%,16.9,14.3
290,WIPRO,10 Years: 8%,10 Years: 3%,,10 Years: 18%,16.9,14.3
291,ZOMATO,3 Years: 82%,3 Years: 34%,,3 Years: -4%,1.14,1.12
292,ZOMATO,5 Years: 56%,5 Years: 19%,,5 Years: -9%,1.14,1.12
293,ZOMATO,10 Years: %,10 Years: %,,10 Years: %,1.14,1.12
294,ZYDUSLIFE,3 Years: 11%,3 Years: 22%,,3 Years: 19%,22.3,20.7
295,ZYDUSLIFE,5 Years: 8%,5 Years: 16%,,5 Years: 18%,22.3,20.7
296,ZYDUSLIFE,10 Years: 10%,10 Years: 17%,,10 Years: 20%,22.3,20.7
